lower_bound,upper_bound
-631016.2700000015,1375693293.243824
-626700.5100000015,1086702248.971708
-626297.1400000015,1086702248.971708
-624110.0800000016,955708311.3309044
-623776.1700000017,873681528.0462265
-621221.4500000016,759803299.3668845
-620628.7200000016,759803299.3668845
-620290.6300000016,759803299.3668845
-620062.2100000016,698670704.2348678
-619181.7700000015,676809556.9613292
