lower_bound,upper_bound
268983.72999999847,1815845.9438162385
275901.19920468004,1410936.7911632494
276839.63999999856,1410936.7911632494
277099.1899999986,1410936.7911632494
